Opstillingskreds;Afstemningsområde;Partibogstav;Partinavn;Navn;Stemmetal
Rønnekredsen;7. Klemensker;A;Socialdemokratiet;Partiliste;259
Rønnekredsen;7. Klemensker;A;Socialdemokratiet;Lea Wermelin;172
Rønnekredsen;7. Klemensker;A;Socialdemokratiet;Steen Frandsen;29
Rønnekredsen;7. Klemensker;A;Socialdemokratiet;Lars Goldschmidt;17
Rønnekredsen;7. Klemensker;B;Radikale Venstre;Partiliste;1
Rønnekredsen;7. Klemensker;B;Radikale Venstre;Birger Nissen;2
Rønnekredsen;7. Klemensker;B;Radikale Venstre;Niels Ebbesen;1
Rønnekredsen;7. Klemensker;B;Radikale Venstre;Gerd Lyng;0
Rønnekredsen;7. Klemensker;B;Radikale Venstre;David Christensen;0
Rønnekredsen;7. Klemensker;C;Det Konservative Folkeparti;Partiliste;23
Rønnekredsen;7. Klemensker;C;Det Konservative Folkeparti;Henriette Søvind;28
Rønnekredsen;7. Klemensker;C;Det Konservative Folkeparti;Diana-Ester B. Eriksen;1
Rønnekredsen;7. Klemensker;C;Det Konservative Folkeparti;Sebastian Larvad;1
Rønnekredsen;7. Klemensker;D;Nye Borgerlige;Partiliste;45
Rønnekredsen;7. Klemensker;D;Nye Borgerlige;Jakob Buchwald Busk;10
Rønnekredsen;7. Klemensker;F;SF - Socialistisk Folkeparti;Partiliste;49
Rønnekredsen;7. Klemensker;F;SF - Socialistisk Folkeparti;Andreas Grosbøll;6
Rønnekredsen;7. Klemensker;F;SF - Socialistisk Folkeparti;Thomas Garfort;7
Rønnekredsen;7. Klemensker;I;Liberal Alliance;Partiliste;59
Rønnekredsen;7. Klemensker;I;Liberal Alliance;Clara Malmqvist;6
Rønnekredsen;7. Klemensker;I;Liberal Alliance;Mette Vinqvist;0
Rønnekredsen;7. Klemensker;K;KD - Kristendemokraterne;Partiliste;18
Rønnekredsen;7. Klemensker;K;KD - Kristendemokraterne;Bjarne Hartung Kirkegaard;23
Rønnekredsen;7. Klemensker;M;Moderaterne;Partiliste;78
Rønnekredsen;7. Klemensker;M;Moderaterne;Stine Rosenquist;7
Rønnekredsen;7. Klemensker;M;Moderaterne;Lars Christian Funk;3
Rønnekredsen;7. Klemensker;O;Dansk Folkeparti;Partiliste;27
Rønnekredsen;7. Klemensker;O;Dansk Folkeparti;Mette Sode Hansen;3
Rønnekredsen;7. Klemensker;O;Dansk Folkeparti;Rene Danielsson;118
Rønnekredsen;7. Klemensker;O;Dansk Folkeparti;Sabine Nicoline Lyngberg;5
Rønnekredsen;7. Klemensker;Q;Frie Grønne;Partiliste;1
Rønnekredsen;7. Klemensker;Q;Frie Grønne;Stine Zink Kaasgaard;0
Rønnekredsen;7. Klemensker;V;Venstre, Danmarks Liberale Parti;Partiliste;39
Rønnekredsen;7. Klemensker;V;Venstre, Danmarks Liberale Parti;Peter Juel-Jensen;275
Rønnekredsen;7. Klemensker;V;Venstre, Danmarks Liberale Parti;Birthe Tindbæk Bredo;2
Rønnekredsen;7. Klemensker;V;Venstre, Danmarks Liberale Parti;Julie Pauch Nymark;7
Rønnekredsen;7. Klemensker;Æ;Danmarksdemokraterne;Partiliste;143
Rønnekredsen;7. Klemensker;Æ;Danmarksdemokraterne;Vibeke Brønnum;10
Rønnekredsen;7. Klemensker;Ø;Enhedslisten - De Rød-Grønne;Partiliste;27
Rønnekredsen;7. Klemensker;Ø;Enhedslisten - De Rød-Grønne;Laura Kofod;16
Rønnekredsen;7. Klemensker;Ø;Enhedslisten - De Rød-Grønne;Morten Riis;14
Rønnekredsen;7. Klemensker;Å;Alternativet;Partiliste;25
Rønnekredsen;7. Klemensker;Å;Alternativet;Martin Kelleher-Petersen;4
Rønnekredsen;7. Klemensker;Å;Alternativet;Caroline Meyer White;10
Rønnekredsen;7. Klemensker;(Uden for parti);(Uden for parti);Charlotte Petersen;2
Rønnekredsen;8. Rønne;A;Socialdemokratiet;Partiliste;1741
Rønnekredsen;8. Rønne;A;Socialdemokratiet;Lea Wermelin;1526
Rønnekredsen;8. Rønne;A;Socialdemokratiet;Steen Frandsen;172
Rønnekredsen;8. Rønne;A;Socialdemokratiet;Lars Goldschmidt;86
Rønnekredsen;8. Rønne;B;Radikale Venstre;Partiliste;65
Rønnekredsen;8. Rønne;B;Radikale Venstre;Birger Nissen;8
Rønnekredsen;8. Rønne;B;Radikale Venstre;Niels Ebbesen;3
Rønnekredsen;8. Rønne;B;Radikale Venstre;Gerd Lyng;8
Rønnekredsen;8. Rønne;B;Radikale Venstre;David Christensen;2
Rønnekredsen;8. Rønne;C;Det Konservative Folkeparti;Partiliste;154
Rønnekredsen;8. Rønne;C;Det Konservative Folkeparti;Henriette Søvind;174
Rønnekredsen;8. Rønne;C;Det Konservative Folkeparti;Diana-Ester B. Eriksen;8
Rønnekredsen;8. Rønne;C;Det Konservative Folkeparti;Sebastian Larvad;21
Rønnekredsen;8. Rønne;D;Nye Borgerlige;Partiliste;131
Rønnekredsen;8. Rønne;D;Nye Borgerlige;Jakob Buchwald Busk;29
Rønnekredsen;8. Rønne;F;SF - Socialistisk Folkeparti;Partiliste;432
Rønnekredsen;8. Rønne;F;SF - Socialistisk Folkeparti;Andreas Grosbøll;137
Rønnekredsen;8. Rønne;F;SF - Socialistisk Folkeparti;Thomas Garfort;78
Rønnekredsen;8. Rønne;I;Liberal Alliance;Partiliste;249
Rønnekredsen;8. Rønne;I;Liberal Alliance;Clara Malmqvist;49
Rønnekredsen;8. Rønne;I;Liberal Alliance;Mette Vinqvist;5
Rønnekredsen;8. Rønne;K;KD - Kristendemokraterne;Partiliste;62
Rønnekredsen;8. Rønne;K;KD - Kristendemokraterne;Bjarne Hartung Kirkegaard;91
Rønnekredsen;8. Rønne;M;Moderaterne;Partiliste;448
Rønnekredsen;8. Rønne;M;Moderaterne;Stine Rosenquist;77
Rønnekredsen;8. Rønne;M;Moderaterne;Lars Christian Funk;45
Rønnekredsen;8. Rønne;O;Dansk Folkeparti;Partiliste;131
Rønnekredsen;8. Rønne;O;Dansk Folkeparti;Mette Sode Hansen;11
Rønnekredsen;8. Rønne;O;Dansk Folkeparti;Rene Danielsson;361
Rønnekredsen;8. Rønne;O;Dansk Folkeparti;Sabine Nicoline Lyngberg;15
Rønnekredsen;8. Rønne;Q;Frie Grønne;Partiliste;13
Rønnekredsen;8. Rønne;Q;Frie Grønne;Stine Zink Kaasgaard;4
Rønnekredsen;8. Rønne;V;Venstre, Danmarks Liberale Parti;Partiliste;255
Rønnekredsen;8. Rønne;V;Venstre, Danmarks Liberale Parti;Peter Juel-Jensen;1230
Rønnekredsen;8. Rønne;V;Venstre, Danmarks Liberale Parti;Birthe Tindbæk Bredo;8
Rønnekredsen;8. Rønne;V;Venstre, Danmarks Liberale Parti;Julie Pauch Nymark;39
Rønnekredsen;8. Rønne;Æ;Danmarksdemokraterne;Partiliste;403
Rønnekredsen;8. Rønne;Æ;Danmarksdemokraterne;Vibeke Brønnum;42
Rønnekredsen;8. Rønne;Ø;Enhedslisten - De Rød-Grønne;Partiliste;245
Rønnekredsen;8. Rønne;Ø;Enhedslisten - De Rød-Grønne;Laura Kofod;61
Rønnekredsen;8. Rønne;Ø;Enhedslisten - De Rød-Grønne;Morten Riis;79
Rønnekredsen;8. Rønne;Å;Alternativet;Partiliste;124
Rønnekredsen;8. Rønne;Å;Alternativet;Martin Kelleher-Petersen;22
Rønnekredsen;8. Rønne;Å;Alternativet;Caroline Meyer White;47
Rønnekredsen;8. Rønne;(Uden for parti);(Uden for parti);Charlotte Petersen;20
Rønnekredsen;9. Hasle;A;Socialdemokratiet;Partiliste;311
Rønnekredsen;9. Hasle;A;Socialdemokratiet;Lea Wermelin;290
Rønnekredsen;9. Hasle;A;Socialdemokratiet;Steen Frandsen;35
Rønnekredsen;9. Hasle;A;Socialdemokratiet;Lars Goldschmidt;19
Rønnekredsen;9. Hasle;B;Radikale Venstre;Partiliste;9
Rønnekredsen;9. Hasle;B;Radikale Venstre;Birger Nissen;3
Rønnekredsen;9. Hasle;B;Radikale Venstre;Niels Ebbesen;2
Rønnekredsen;9. Hasle;B;Radikale Venstre;Gerd Lyng;2
Rønnekredsen;9. Hasle;B;Radikale Venstre;David Christensen;0
Rønnekredsen;9. Hasle;C;Det Konservative Folkeparti;Partiliste;25
Rønnekredsen;9. Hasle;C;Det Konservative Folkeparti;Henriette Søvind;40
Rønnekredsen;9. Hasle;C;Det Konservative Folkeparti;Diana-Ester B. Eriksen;1
Rønnekredsen;9. Hasle;C;Det Konservative Folkeparti;Sebastian Larvad;3
Rønnekredsen;9. Hasle;D;Nye Borgerlige;Partiliste;35
Rønnekredsen;9. Hasle;D;Nye Borgerlige;Jakob Buchwald Busk;5
Rønnekredsen;9. Hasle;F;SF - Socialistisk Folkeparti;Partiliste;67
Rønnekredsen;9. Hasle;F;SF - Socialistisk Folkeparti;Andreas Grosbøll;21
Rønnekredsen;9. Hasle;F;SF - Socialistisk Folkeparti;Thomas Garfort;4
Rønnekredsen;9. Hasle;I;Liberal Alliance;Partiliste;58
Rønnekredsen;9. Hasle;I;Liberal Alliance;Clara Malmqvist;8
Rønnekredsen;9. Hasle;I;Liberal Alliance;Mette Vinqvist;1
Rønnekredsen;9. Hasle;K;KD - Kristendemokraterne;Partiliste;13
Rønnekredsen;9. Hasle;K;KD - Kristendemokraterne;Bjarne Hartung Kirkegaard;15
Rønnekredsen;9. Hasle;M;Moderaterne;Partiliste;69
Rønnekredsen;9. Hasle;M;Moderaterne;Stine Rosenquist;17
Rønnekredsen;9. Hasle;M;Moderaterne;Lars Christian Funk;4
Rønnekredsen;9. Hasle;O;Dansk Folkeparti;Partiliste;39
Rønnekredsen;9. Hasle;O;Dansk Folkeparti;Mette Sode Hansen;4
Rønnekredsen;9. Hasle;O;Dansk Folkeparti;Rene Danielsson;94
Rønnekredsen;9. Hasle;O;Dansk Folkeparti;Sabine Nicoline Lyngberg;3
Rønnekredsen;9. Hasle;Q;Frie Grønne;Partiliste;3
Rønnekredsen;9. Hasle;Q;Frie Grønne;Stine Zink Kaasgaard;2
Rønnekredsen;9. Hasle;V;Venstre, Danmarks Liberale Parti;Partiliste;33
Rønnekredsen;9. Hasle;V;Venstre, Danmarks Liberale Parti;Peter Juel-Jensen;291
Rønnekredsen;9. Hasle;V;Venstre, Danmarks Liberale Parti;Birthe Tindbæk Bredo;0
Rønnekredsen;9. Hasle;V;Venstre, Danmarks Liberale Parti;Julie Pauch Nymark;9
Rønnekredsen;9. Hasle;Æ;Danmarksdemokraterne;Partiliste;117
Rønnekredsen;9. Hasle;Æ;Danmarksdemokraterne;Vibeke Brønnum;13
Rønnekredsen;9. Hasle;Ø;Enhedslisten - De Rød-Grønne;Partiliste;49
Rønnekredsen;9. Hasle;Ø;Enhedslisten - De Rød-Grønne;Laura Kofod;22
Rønnekredsen;9. Hasle;Ø;Enhedslisten - De Rød-Grønne;Morten Riis;23
Rønnekredsen;9. Hasle;Å;Alternativet;Partiliste;36
Rønnekredsen;9. Hasle;Å;Alternativet;Martin Kelleher-Petersen;7
Rønnekredsen;9. Hasle;Å;Alternativet;Caroline Meyer White;11
Rønnekredsen;9. Hasle;(Uden for parti);(Uden for parti);Charlotte Petersen;1
Aakirkebykredsen;0. Christiansø;A;Socialdemokratiet;Partiliste;13
Aakirkebykredsen;0. Christiansø;A;Socialdemokratiet;Lea Wermelin;6
Aakirkebykredsen;0. Christiansø;A;Socialdemokratiet;Steen Frandsen;0
Aakirkebykredsen;0. Christiansø;A;Socialdemokratiet;Lars Goldschmidt;0
Aakirkebykredsen;0. Christiansø;B;Radikale Venstre;Partiliste;3
Aakirkebykredsen;0. Christiansø;B;Radikale Venstre;Birger Nissen;0
Aakirkebykredsen;0. Christiansø;B;Radikale Venstre;Niels Ebbesen;0
Aakirkebykredsen;0. Christiansø;B;Radikale Venstre;Gerd Lyng;0
Aakirkebykredsen;0. Christiansø;B;Radikale Venstre;David Christensen;0
Aakirkebykredsen;0. Christiansø;C;Det Konservative Folkeparti;Partiliste;5
Aakirkebykredsen;0. Christiansø;C;Det Konservative Folkeparti;Henriette Søvind;0
Aakirkebykredsen;0. Christiansø;C;Det Konservative Folkeparti;Diana-Ester B. Eriksen;0
Aakirkebykredsen;0. Christiansø;C;Det Konservative Folkeparti;Sebastian Larvad;0
Aakirkebykredsen;0. Christiansø;D;Nye Borgerlige;Partiliste;0
Aakirkebykredsen;0. Christiansø;D;Nye Borgerlige;Jakob Buchwald Busk;1
Aakirkebykredsen;0. Christiansø;F;SF - Socialistisk Folkeparti;Partiliste;8
Aakirkebykredsen;0. Christiansø;F;SF - Socialistisk Folkeparti;Thomas Garfort;0
Aakirkebykredsen;0. Christiansø;F;SF - Socialistisk Folkeparti;Andreas Grosbøll;0
Aakirkebykredsen;0. Christiansø;I;Liberal Alliance;Partiliste;1
Aakirkebykredsen;0. Christiansø;I;Liberal Alliance;Clara Malmqvist;0
Aakirkebykredsen;0. Christiansø;I;Liberal Alliance;Mette Vinqvist;0
Aakirkebykredsen;0. Christiansø;K;KD - Kristendemokraterne;Partiliste;0
Aakirkebykredsen;0. Christiansø;K;KD - Kristendemokraterne;Bjarne Hartung Kirkegaard;1
Aakirkebykredsen;0. Christiansø;M;Moderaterne;Partiliste;4
Aakirkebykredsen;0. Christiansø;M;Moderaterne;Stine Rosenquist;0
Aakirkebykredsen;0. Christiansø;M;Moderaterne;Lars Christian Funk;0
Aakirkebykredsen;0. Christiansø;O;Dansk Folkeparti;Partiliste;0
Aakirkebykredsen;0. Christiansø;O;Dansk Folkeparti;Mette Sode Hansen;0
Aakirkebykredsen;0. Christiansø;O;Dansk Folkeparti;Rene Danielsson;0
Aakirkebykredsen;0. Christiansø;O;Dansk Folkeparti;Sabine Nicoline Lyngberg;0
Aakirkebykredsen;0. Christiansø;Q;Frie Grønne;Partiliste;0
Aakirkebykredsen;0. Christiansø;Q;Frie Grønne;Stine Zink Kaasgaard;0
Aakirkebykredsen;0. Christiansø;V;Venstre, Danmarks Liberale Parti;Partiliste;2
Aakirkebykredsen;0. Christiansø;V;Venstre, Danmarks Liberale Parti;Peter Juel-Jensen;0
Aakirkebykredsen;0. Christiansø;V;Venstre, Danmarks Liberale Parti;Birthe Tindbæk Bredo;0
Aakirkebykredsen;0. Christiansø;V;Venstre, Danmarks Liberale Parti;Julie Pauch Nymark;0
Aakirkebykredsen;0. Christiansø;Æ;Danmarksdemokraterne;Partiliste;5
Aakirkebykredsen;0. Christiansø;Æ;Danmarksdemokraterne;Vibeke Brønnum;0
Aakirkebykredsen;0. Christiansø;Ø;Enhedslisten - De Rød-Grønne;Partiliste;3
Aakirkebykredsen;0. Christiansø;Ø;Enhedslisten - De Rød-Grønne;Laura Kofod;0
Aakirkebykredsen;0. Christiansø;Ø;Enhedslisten - De Rød-Grønne;Morten Riis;0
Aakirkebykredsen;0. Christiansø;Å;Alternativet;Partiliste;4
Aakirkebykredsen;0. Christiansø;Å;Alternativet;Martin Kelleher-Petersen;1
Aakirkebykredsen;0. Christiansø;Å;Alternativet;Caroline Meyer White;2
Aakirkebykredsen;0. Christiansø;(Uden for parti);(Uden for parti);Charlotte Petersen;0
Aakirkebykredsen;1. Allinge;A;Socialdemokratiet;Partiliste;364
Aakirkebykredsen;1. Allinge;A;Socialdemokratiet;Lea Wermelin;300
Aakirkebykredsen;1. Allinge;A;Socialdemokratiet;Steen Frandsen;38
Aakirkebykredsen;1. Allinge;A;Socialdemokratiet;Lars Goldschmidt;20
Aakirkebykredsen;1. Allinge;B;Radikale Venstre;Partiliste;14
Aakirkebykredsen;1. Allinge;B;Radikale Venstre;Birger Nissen;0
Aakirkebykredsen;1. Allinge;B;Radikale Venstre;Niels Ebbesen;3
Aakirkebykredsen;1. Allinge;B;Radikale Venstre;Gerd Lyng;2
Aakirkebykredsen;1. Allinge;B;Radikale Venstre;David Christensen;2
Aakirkebykredsen;1. Allinge;C;Det Konservative Folkeparti;Partiliste;43
Aakirkebykredsen;1. Allinge;C;Det Konservative Folkeparti;Henriette Søvind;28
Aakirkebykredsen;1. Allinge;C;Det Konservative Folkeparti;Diana-Ester B. Eriksen;1
Aakirkebykredsen;1. Allinge;C;Det Konservative Folkeparti;Sebastian Larvad;4
Aakirkebykredsen;1. Allinge;D;Nye Borgerlige;Partiliste;32
Aakirkebykredsen;1. Allinge;D;Nye Borgerlige;Jakob Buchwald Busk;12
Aakirkebykredsen;1. Allinge;F;SF - Socialistisk Folkeparti;Partiliste;106
Aakirkebykredsen;1. Allinge;F;SF - Socialistisk Folkeparti;Thomas Garfort;15
Aakirkebykredsen;1. Allinge;F;SF - Socialistisk Folkeparti;Andreas Grosbøll;12
Aakirkebykredsen;1. Allinge;I;Liberal Alliance;Partiliste;63
Aakirkebykredsen;1. Allinge;I;Liberal Alliance;Clara Malmqvist;10
Aakirkebykredsen;1. Allinge;I;Liberal Alliance;Mette Vinqvist;9
Aakirkebykredsen;1. Allinge;K;KD - Kristendemokraterne;Partiliste;22
Aakirkebykredsen;1. Allinge;K;KD - Kristendemokraterne;Bjarne Hartung Kirkegaard;19
Aakirkebykredsen;1. Allinge;M;Moderaterne;Partiliste;108
Aakirkebykredsen;1. Allinge;M;Moderaterne;Stine Rosenquist;15
Aakirkebykredsen;1. Allinge;M;Moderaterne;Lars Christian Funk;2
Aakirkebykredsen;1. Allinge;O;Dansk Folkeparti;Partiliste;30
Aakirkebykredsen;1. Allinge;O;Dansk Folkeparti;Mette Sode Hansen;4
Aakirkebykredsen;1. Allinge;O;Dansk Folkeparti;Rene Danielsson;65
Aakirkebykredsen;1. Allinge;O;Dansk Folkeparti;Sabine Nicoline Lyngberg;3
Aakirkebykredsen;1. Allinge;Q;Frie Grønne;Partiliste;2
Aakirkebykredsen;1. Allinge;Q;Frie Grønne;Stine Zink Kaasgaard;1
Aakirkebykredsen;1. Allinge;V;Venstre, Danmarks Liberale Parti;Partiliste;52
Aakirkebykredsen;1. Allinge;V;Venstre, Danmarks Liberale Parti;Peter Juel-Jensen;317
Aakirkebykredsen;1. Allinge;V;Venstre, Danmarks Liberale Parti;Birthe Tindbæk Bredo;2
Aakirkebykredsen;1. Allinge;V;Venstre, Danmarks Liberale Parti;Julie Pauch Nymark;7
Aakirkebykredsen;1. Allinge;Æ;Danmarksdemokraterne;Partiliste;124
Aakirkebykredsen;1. Allinge;Æ;Danmarksdemokraterne;Vibeke Brønnum;16
Aakirkebykredsen;1. Allinge;Ø;Enhedslisten - De Rød-Grønne;Partiliste;91
Aakirkebykredsen;1. Allinge;Ø;Enhedslisten - De Rød-Grønne;Laura Kofod;31
Aakirkebykredsen;1. Allinge;Ø;Enhedslisten - De Rød-Grønne;Morten Riis;37
Aakirkebykredsen;1. Allinge;Å;Alternativet;Partiliste;45
Aakirkebykredsen;1. Allinge;Å;Alternativet;Martin Kelleher-Petersen;8
Aakirkebykredsen;1. Allinge;Å;Alternativet;Caroline Meyer White;21
Aakirkebykredsen;1. Allinge;(Uden for parti);(Uden for parti);Charlotte Petersen;3
Aakirkebykredsen;2. Østermarie;A;Socialdemokratiet;Partiliste;278
Aakirkebykredsen;2. Østermarie;A;Socialdemokratiet;Lea Wermelin;164
Aakirkebykredsen;2. Østermarie;A;Socialdemokratiet;Steen Frandsen;29
Aakirkebykredsen;2. Østermarie;A;Socialdemokratiet;Lars Goldschmidt;14
Aakirkebykredsen;2. Østermarie;B;Radikale Venstre;Partiliste;15
Aakirkebykredsen;2. Østermarie;B;Radikale Venstre;Birger Nissen;4
Aakirkebykredsen;2. Østermarie;B;Radikale Venstre;Niels Ebbesen;1
Aakirkebykredsen;2. Østermarie;B;Radikale Venstre;Gerd Lyng;1
Aakirkebykredsen;2. Østermarie;B;Radikale Venstre;David Christensen;4
Aakirkebykredsen;2. Østermarie;C;Det Konservative Folkeparti;Partiliste;42
Aakirkebykredsen;2. Østermarie;C;Det Konservative Folkeparti;Henriette Søvind;45
Aakirkebykredsen;2. Østermarie;C;Det Konservative Folkeparti;Diana-Ester B. Eriksen;4
Aakirkebykredsen;2. Østermarie;C;Det Konservative Folkeparti;Sebastian Larvad;3
Aakirkebykredsen;2. Østermarie;D;Nye Borgerlige;Partiliste;34
Aakirkebykredsen;2. Østermarie;D;Nye Borgerlige;Jakob Buchwald Busk;8
Aakirkebykredsen;2. Østermarie;F;SF - Socialistisk Folkeparti;Partiliste;93
Aakirkebykredsen;2. Østermarie;F;SF - Socialistisk Folkeparti;Thomas Garfort;15
Aakirkebykredsen;2. Østermarie;F;SF - Socialistisk Folkeparti;Andreas Grosbøll;22
Aakirkebykredsen;2. Østermarie;I;Liberal Alliance;Partiliste;52
Aakirkebykredsen;2. Østermarie;I;Liberal Alliance;Clara Malmqvist;11
Aakirkebykredsen;2. Østermarie;I;Liberal Alliance;Mette Vinqvist;3
Aakirkebykredsen;2. Østermarie;K;KD - Kristendemokraterne;Partiliste;22
Aakirkebykredsen;2. Østermarie;K;KD - Kristendemokraterne;Bjarne Hartung Kirkegaard;24
Aakirkebykredsen;2. Østermarie;M;Moderaterne;Partiliste;91
Aakirkebykredsen;2. Østermarie;M;Moderaterne;Stine Rosenquist;16
Aakirkebykredsen;2. Østermarie;M;Moderaterne;Lars Christian Funk;6
Aakirkebykredsen;2. Østermarie;O;Dansk Folkeparti;Partiliste;30
Aakirkebykredsen;2. Østermarie;O;Dansk Folkeparti;Mette Sode Hansen;5
Aakirkebykredsen;2. Østermarie;O;Dansk Folkeparti;Rene Danielsson;73
Aakirkebykredsen;2. Østermarie;O;Dansk Folkeparti;Sabine Nicoline Lyngberg;2
Aakirkebykredsen;2. Østermarie;Q;Frie Grønne;Partiliste;2
Aakirkebykredsen;2. Østermarie;Q;Frie Grønne;Stine Zink Kaasgaard;0
Aakirkebykredsen;2. Østermarie;V;Venstre, Danmarks Liberale Parti;Partiliste;49
Aakirkebykredsen;2. Østermarie;V;Venstre, Danmarks Liberale Parti;Peter Juel-Jensen;300
Aakirkebykredsen;2. Østermarie;V;Venstre, Danmarks Liberale Parti;Birthe Tindbæk Bredo;1
Aakirkebykredsen;2. Østermarie;V;Venstre, Danmarks Liberale Parti;Julie Pauch Nymark;10
Aakirkebykredsen;2. Østermarie;Æ;Danmarksdemokraterne;Partiliste;120
Aakirkebykredsen;2. Østermarie;Æ;Danmarksdemokraterne;Vibeke Brønnum;14
Aakirkebykredsen;2. Østermarie;Ø;Enhedslisten - De Rød-Grønne;Partiliste;80
Aakirkebykredsen;2. Østermarie;Ø;Enhedslisten - De Rød-Grønne;Laura Kofod;34
Aakirkebykredsen;2. Østermarie;Ø;Enhedslisten - De Rød-Grønne;Morten Riis;45
Aakirkebykredsen;2. Østermarie;Å;Alternativet;Partiliste;34
Aakirkebykredsen;2. Østermarie;Å;Alternativet;Martin Kelleher-Petersen;18
Aakirkebykredsen;2. Østermarie;Å;Alternativet;Caroline Meyer White;19
Aakirkebykredsen;2. Østermarie;(Uden for parti);(Uden for parti);Charlotte Petersen;4
Aakirkebykredsen;3. Svaneke;A;Socialdemokratiet;Partiliste;224
Aakirkebykredsen;3. Svaneke;A;Socialdemokratiet;Lea Wermelin;165
Aakirkebykredsen;3. Svaneke;A;Socialdemokratiet;Steen Frandsen;14
Aakirkebykredsen;3. Svaneke;A;Socialdemokratiet;Lars Goldschmidt;10
Aakirkebykredsen;3. Svaneke;B;Radikale Venstre;Partiliste;19
Aakirkebykredsen;3. Svaneke;B;Radikale Venstre;Birger Nissen;4
Aakirkebykredsen;3. Svaneke;B;Radikale Venstre;Niels Ebbesen;1
Aakirkebykredsen;3. Svaneke;B;Radikale Venstre;Gerd Lyng;2
Aakirkebykredsen;3. Svaneke;B;Radikale Venstre;David Christensen;2
Aakirkebykredsen;3. Svaneke;C;Det Konservative Folkeparti;Partiliste;22
Aakirkebykredsen;3. Svaneke;C;Det Konservative Folkeparti;Henriette Søvind;20
Aakirkebykredsen;3. Svaneke;C;Det Konservative Folkeparti;Diana-Ester B. Eriksen;1
Aakirkebykredsen;3. Svaneke;C;Det Konservative Folkeparti;Sebastian Larvad;4
Aakirkebykredsen;3. Svaneke;D;Nye Borgerlige;Partiliste;10
Aakirkebykredsen;3. Svaneke;D;Nye Borgerlige;Jakob Buchwald Busk;2
Aakirkebykredsen;3. Svaneke;F;SF - Socialistisk Folkeparti;Partiliste;119
Aakirkebykredsen;3. Svaneke;F;SF - Socialistisk Folkeparti;Thomas Garfort;21
Aakirkebykredsen;3. Svaneke;F;SF - Socialistisk Folkeparti;Andreas Grosbøll;11
Aakirkebykredsen;3. Svaneke;I;Liberal Alliance;Partiliste;35
Aakirkebykredsen;3. Svaneke;I;Liberal Alliance;Clara Malmqvist;5
Aakirkebykredsen;3. Svaneke;I;Liberal Alliance;Mette Vinqvist;1
Aakirkebykredsen;3. Svaneke;K;KD - Kristendemokraterne;Partiliste;15
Aakirkebykredsen;3. Svaneke;K;KD - Kristendemokraterne;Bjarne Hartung Kirkegaard;5
Aakirkebykredsen;3. Svaneke;M;Moderaterne;Partiliste;81
Aakirkebykredsen;3. Svaneke;M;Moderaterne;Stine Rosenquist;11
Aakirkebykredsen;3. Svaneke;M;Moderaterne;Lars Christian Funk;2
Aakirkebykredsen;3. Svaneke;O;Dansk Folkeparti;Partiliste;10
Aakirkebykredsen;3. Svaneke;O;Dansk Folkeparti;Mette Sode Hansen;1
Aakirkebykredsen;3. Svaneke;O;Dansk Folkeparti;Rene Danielsson;19
Aakirkebykredsen;3. Svaneke;O;Dansk Folkeparti;Sabine Nicoline Lyngberg;1
Aakirkebykredsen;3. Svaneke;Q;Frie Grønne;Partiliste;1
Aakirkebykredsen;3. Svaneke;Q;Frie Grønne;Stine Zink Kaasgaard;0
Aakirkebykredsen;3. Svaneke;V;Venstre, Danmarks Liberale Parti;Partiliste;33
Aakirkebykredsen;3. Svaneke;V;Venstre, Danmarks Liberale Parti;Peter Juel-Jensen;229
Aakirkebykredsen;3. Svaneke;V;Venstre, Danmarks Liberale Parti;Birthe Tindbæk Bredo;1
Aakirkebykredsen;3. Svaneke;V;Venstre, Danmarks Liberale Parti;Julie Pauch Nymark;6
Aakirkebykredsen;3. Svaneke;Æ;Danmarksdemokraterne;Partiliste;51
Aakirkebykredsen;3. Svaneke;Æ;Danmarksdemokraterne;Vibeke Brønnum;7
Aakirkebykredsen;3. Svaneke;Ø;Enhedslisten - De Rød-Grønne;Partiliste;81
Aakirkebykredsen;3. Svaneke;Ø;Enhedslisten - De Rød-Grønne;Laura Kofod;20
Aakirkebykredsen;3. Svaneke;Ø;Enhedslisten - De Rød-Grønne;Morten Riis;42
Aakirkebykredsen;3. Svaneke;Å;Alternativet;Partiliste;41
Aakirkebykredsen;3. Svaneke;Å;Alternativet;Martin Kelleher-Petersen;9
Aakirkebykredsen;3. Svaneke;Å;Alternativet;Caroline Meyer White;19
Aakirkebykredsen;3. Svaneke;(Uden for parti);(Uden for parti);Charlotte Petersen;1
Aakirkebykredsen;4. Nexø;A;Socialdemokratiet;Partiliste;571
Aakirkebykredsen;4. Nexø;A;Socialdemokratiet;Lea Wermelin;433
Aakirkebykredsen;4. Nexø;A;Socialdemokratiet;Steen Frandsen;31
Aakirkebykredsen;4. Nexø;A;Socialdemokratiet;Lars Goldschmidt;23
Aakirkebykredsen;4. Nexø;B;Radikale Venstre;Partiliste;18
Aakirkebykredsen;4. Nexø;B;Radikale Venstre;Birger Nissen;8
Aakirkebykredsen;4. Nexø;B;Radikale Venstre;Niels Ebbesen;1
Aakirkebykredsen;4. Nexø;B;Radikale Venstre;Gerd Lyng;0
Aakirkebykredsen;4. Nexø;B;Radikale Venstre;David Christensen;2
Aakirkebykredsen;4. Nexø;C;Det Konservative Folkeparti;Partiliste;27
Aakirkebykredsen;4. Nexø;C;Det Konservative Folkeparti;Henriette Søvind;38
Aakirkebykredsen;4. Nexø;C;Det Konservative Folkeparti;Diana-Ester B. Eriksen;0
Aakirkebykredsen;4. Nexø;C;Det Konservative Folkeparti;Sebastian Larvad;5
Aakirkebykredsen;4. Nexø;D;Nye Borgerlige;Partiliste;41
Aakirkebykredsen;4. Nexø;D;Nye Borgerlige;Jakob Buchwald Busk;13
Aakirkebykredsen;4. Nexø;F;SF - Socialistisk Folkeparti;Partiliste;132
Aakirkebykredsen;4. Nexø;F;SF - Socialistisk Folkeparti;Thomas Garfort;13
Aakirkebykredsen;4. Nexø;F;SF - Socialistisk Folkeparti;Andreas Grosbøll;21
Aakirkebykredsen;4. Nexø;I;Liberal Alliance;Partiliste;92
Aakirkebykredsen;4. Nexø;I;Liberal Alliance;Clara Malmqvist;9
Aakirkebykredsen;4. Nexø;I;Liberal Alliance;Mette Vinqvist;6
Aakirkebykredsen;4. Nexø;K;KD - Kristendemokraterne;Partiliste;28
Aakirkebykredsen;4. Nexø;K;KD - Kristendemokraterne;Bjarne Hartung Kirkegaard;26
Aakirkebykredsen;4. Nexø;M;Moderaterne;Partiliste;152
Aakirkebykredsen;4. Nexø;M;Moderaterne;Stine Rosenquist;21
Aakirkebykredsen;4. Nexø;M;Moderaterne;Lars Christian Funk;6
Aakirkebykredsen;4. Nexø;O;Dansk Folkeparti;Partiliste;49
Aakirkebykredsen;4. Nexø;O;Dansk Folkeparti;Mette Sode Hansen;9
Aakirkebykredsen;4. Nexø;O;Dansk Folkeparti;Rene Danielsson;108
Aakirkebykredsen;4. Nexø;O;Dansk Folkeparti;Sabine Nicoline Lyngberg;1
Aakirkebykredsen;4. Nexø;Q;Frie Grønne;Partiliste;6
Aakirkebykredsen;4. Nexø;Q;Frie Grønne;Stine Zink Kaasgaard;4
Aakirkebykredsen;4. Nexø;V;Venstre, Danmarks Liberale Parti;Partiliste;74
Aakirkebykredsen;4. Nexø;V;Venstre, Danmarks Liberale Parti;Peter Juel-Jensen;402
Aakirkebykredsen;4. Nexø;V;Venstre, Danmarks Liberale Parti;Birthe Tindbæk Bredo;8
Aakirkebykredsen;4. Nexø;V;Venstre, Danmarks Liberale Parti;Julie Pauch Nymark;4
Aakirkebykredsen;4. Nexø;Æ;Danmarksdemokraterne;Partiliste;156
Aakirkebykredsen;4. Nexø;Æ;Danmarksdemokraterne;Vibeke Brønnum;21
Aakirkebykredsen;4. Nexø;Ø;Enhedslisten - De Rød-Grønne;Partiliste;81
Aakirkebykredsen;4. Nexø;Ø;Enhedslisten - De Rød-Grønne;Laura Kofod;16
Aakirkebykredsen;4. Nexø;Ø;Enhedslisten - De Rød-Grønne;Morten Riis;26
Aakirkebykredsen;4. Nexø;Å;Alternativet;Partiliste;44
Aakirkebykredsen;4. Nexø;Å;Alternativet;Martin Kelleher-Petersen;4
Aakirkebykredsen;4. Nexø;Å;Alternativet;Caroline Meyer White;20
Aakirkebykredsen;4. Nexø;(Uden for parti);(Uden for parti);Charlotte Petersen;3
Aakirkebykredsen;5. Pedersker;A;Socialdemokratiet;Partiliste;171
Aakirkebykredsen;5. Pedersker;A;Socialdemokratiet;Lea Wermelin;135
Aakirkebykredsen;5. Pedersker;A;Socialdemokratiet;Steen Frandsen;14
Aakirkebykredsen;5. Pedersker;A;Socialdemokratiet;Lars Goldschmidt;12
Aakirkebykredsen;5. Pedersker;B;Radikale Venstre;Partiliste;11
Aakirkebykredsen;5. Pedersker;B;Radikale Venstre;Birger Nissen;0
Aakirkebykredsen;5. Pedersker;B;Radikale Venstre;Niels Ebbesen;1
Aakirkebykredsen;5. Pedersker;B;Radikale Venstre;Gerd Lyng;2
Aakirkebykredsen;5. Pedersker;B;Radikale Venstre;David Christensen;1
Aakirkebykredsen;5. Pedersker;C;Det Konservative Folkeparti;Partiliste;23
Aakirkebykredsen;5. Pedersker;C;Det Konservative Folkeparti;Henriette Søvind;14
Aakirkebykredsen;5. Pedersker;C;Det Konservative Folkeparti;Diana-Ester B. Eriksen;1
Aakirkebykredsen;5. Pedersker;C;Det Konservative Folkeparti;Sebastian Larvad;1
Aakirkebykredsen;5. Pedersker;D;Nye Borgerlige;Partiliste;25
Aakirkebykredsen;5. Pedersker;D;Nye Borgerlige;Jakob Buchwald Busk;2
Aakirkebykredsen;5. Pedersker;F;SF - Socialistisk Folkeparti;Partiliste;45
Aakirkebykredsen;5. Pedersker;F;SF - Socialistisk Folkeparti;Thomas Garfort;4
Aakirkebykredsen;5. Pedersker;F;SF - Socialistisk Folkeparti;Andreas Grosbøll;16
Aakirkebykredsen;5. Pedersker;I;Liberal Alliance;Partiliste;47
Aakirkebykredsen;5. Pedersker;I;Liberal Alliance;Clara Malmqvist;5
Aakirkebykredsen;5. Pedersker;I;Liberal Alliance;Mette Vinqvist;1
Aakirkebykredsen;5. Pedersker;K;KD - Kristendemokraterne;Partiliste;10
Aakirkebykredsen;5. Pedersker;K;KD - Kristendemokraterne;Bjarne Hartung Kirkegaard;17
Aakirkebykredsen;5. Pedersker;M;Moderaterne;Partiliste;60
Aakirkebykredsen;5. Pedersker;M;Moderaterne;Stine Rosenquist;10
Aakirkebykredsen;5. Pedersker;M;Moderaterne;Lars Christian Funk;3
Aakirkebykredsen;5. Pedersker;O;Dansk Folkeparti;Partiliste;23
Aakirkebykredsen;5. Pedersker;O;Dansk Folkeparti;Mette Sode Hansen;2
Aakirkebykredsen;5. Pedersker;O;Dansk Folkeparti;Rene Danielsson;47
Aakirkebykredsen;5. Pedersker;O;Dansk Folkeparti;Sabine Nicoline Lyngberg;2
Aakirkebykredsen;5. Pedersker;Q;Frie Grønne;Partiliste;0
Aakirkebykredsen;5. Pedersker;Q;Frie Grønne;Stine Zink Kaasgaard;3
Aakirkebykredsen;5. Pedersker;V;Venstre, Danmarks Liberale Parti;Partiliste;37
Aakirkebykredsen;5. Pedersker;V;Venstre, Danmarks Liberale Parti;Peter Juel-Jensen;193
Aakirkebykredsen;5. Pedersker;V;Venstre, Danmarks Liberale Parti;Birthe Tindbæk Bredo;3
Aakirkebykredsen;5. Pedersker;V;Venstre, Danmarks Liberale Parti;Julie Pauch Nymark;3
Aakirkebykredsen;5. Pedersker;Æ;Danmarksdemokraterne;Partiliste;87
Aakirkebykredsen;5. Pedersker;Æ;Danmarksdemokraterne;Vibeke Brønnum;14
Aakirkebykredsen;5. Pedersker;Ø;Enhedslisten - De Rød-Grønne;Partiliste;28
Aakirkebykredsen;5. Pedersker;Ø;Enhedslisten - De Rød-Grønne;Laura Kofod;5
Aakirkebykredsen;5. Pedersker;Ø;Enhedslisten - De Rød-Grønne;Morten Riis;11
Aakirkebykredsen;5. Pedersker;Å;Alternativet;Partiliste;18
Aakirkebykredsen;5. Pedersker;Å;Alternativet;Martin Kelleher-Petersen;0
Aakirkebykredsen;5. Pedersker;Å;Alternativet;Caroline Meyer White;6
Aakirkebykredsen;5. Pedersker;(Uden for parti);(Uden for parti);Charlotte Petersen;1
Aakirkebykredsen;6. Aakirkeby;A;Socialdemokratiet;Partiliste;566
Aakirkebykredsen;6. Aakirkeby;A;Socialdemokratiet;Lea Wermelin;389
Aakirkebykredsen;6. Aakirkeby;A;Socialdemokratiet;Steen Frandsen;45
Aakirkebykredsen;6. Aakirkeby;A;Socialdemokratiet;Lars Goldschmidt;35
Aakirkebykredsen;6. Aakirkeby;B;Radikale Venstre;Partiliste;16
Aakirkebykredsen;6. Aakirkeby;B;Radikale Venstre;Birger Nissen;4
Aakirkebykredsen;6. Aakirkeby;B;Radikale Venstre;Niels Ebbesen;0
Aakirkebykredsen;6. Aakirkeby;B;Radikale Venstre;Gerd Lyng;0
Aakirkebykredsen;6. Aakirkeby;B;Radikale Venstre;David Christensen;4
Aakirkebykredsen;6. Aakirkeby;C;Det Konservative Folkeparti;Partiliste;52
Aakirkebykredsen;6. Aakirkeby;C;Det Konservative Folkeparti;Henriette Søvind;56
Aakirkebykredsen;6. Aakirkeby;C;Det Konservative Folkeparti;Diana-Ester B. Eriksen;4
Aakirkebykredsen;6. Aakirkeby;C;Det Konservative Folkeparti;Sebastian Larvad;4
Aakirkebykredsen;6. Aakirkeby;D;Nye Borgerlige;Partiliste;74
Aakirkebykredsen;6. Aakirkeby;D;Nye Borgerlige;Jakob Buchwald Busk;20
Aakirkebykredsen;6. Aakirkeby;F;SF - Socialistisk Folkeparti;Partiliste;100
Aakirkebykredsen;6. Aakirkeby;F;SF - Socialistisk Folkeparti;Thomas Garfort;15
Aakirkebykredsen;6. Aakirkeby;F;SF - Socialistisk Folkeparti;Andreas Grosbøll;21
Aakirkebykredsen;6. Aakirkeby;I;Liberal Alliance;Partiliste;91
Aakirkebykredsen;6. Aakirkeby;I;Liberal Alliance;Clara Malmqvist;12
Aakirkebykredsen;6. Aakirkeby;I;Liberal Alliance;Mette Vinqvist;4
Aakirkebykredsen;6. Aakirkeby;K;KD - Kristendemokraterne;Partiliste;42
Aakirkebykredsen;6. Aakirkeby;K;KD - Kristendemokraterne;Bjarne Hartung Kirkegaard;50
Aakirkebykredsen;6. Aakirkeby;M;Moderaterne;Partiliste;142
Aakirkebykredsen;6. Aakirkeby;M;Moderaterne;Stine Rosenquist;14
Aakirkebykredsen;6. Aakirkeby;M;Moderaterne;Lars Christian Funk;7
Aakirkebykredsen;6. Aakirkeby;O;Dansk Folkeparti;Partiliste;64
Aakirkebykredsen;6. Aakirkeby;O;Dansk Folkeparti;Mette Sode Hansen;13
Aakirkebykredsen;6. Aakirkeby;O;Dansk Folkeparti;Rene Danielsson;171
Aakirkebykredsen;6. Aakirkeby;O;Dansk Folkeparti;Sabine Nicoline Lyngberg;7
Aakirkebykredsen;6. Aakirkeby;Q;Frie Grønne;Partiliste;4
Aakirkebykredsen;6. Aakirkeby;Q;Frie Grønne;Stine Zink Kaasgaard;2
Aakirkebykredsen;6. Aakirkeby;V;Venstre, Danmarks Liberale Parti;Partiliste;91
Aakirkebykredsen;6. Aakirkeby;V;Venstre, Danmarks Liberale Parti;Peter Juel-Jensen;612
Aakirkebykredsen;6. Aakirkeby;V;Venstre, Danmarks Liberale Parti;Birthe Tindbæk Bredo;0
Aakirkebykredsen;6. Aakirkeby;V;Venstre, Danmarks Liberale Parti;Julie Pauch Nymark;11
Aakirkebykredsen;6. Aakirkeby;Æ;Danmarksdemokraterne;Partiliste;218
Aakirkebykredsen;6. Aakirkeby;Æ;Danmarksdemokraterne;Vibeke Brønnum;29
Aakirkebykredsen;6. Aakirkeby;Ø;Enhedslisten - De Rød-Grønne;Partiliste;69
Aakirkebykredsen;6. Aakirkeby;Ø;Enhedslisten - De Rød-Grønne;Laura Kofod;19
Aakirkebykredsen;6. Aakirkeby;Ø;Enhedslisten - De Rød-Grønne;Morten Riis;24
Aakirkebykredsen;6. Aakirkeby;Å;Alternativet;Partiliste;43
Aakirkebykredsen;6. Aakirkeby;Å;Alternativet;Martin Kelleher-Petersen;9
Aakirkebykredsen;6. Aakirkeby;Å;Alternativet;Caroline Meyer White;12
Aakirkebykredsen;6. Aakirkeby;(Uden for parti);(Uden for parti);Charlotte Petersen;10
